﻿Designator,Footprint,Quantity,Value,LCSC Part #
"C1, C10, C11, C2, C3, C4, C5, C6, C7",0805,9,100nF,
"C12, C13, C14, C15, C8, C9",0805,6,22pF,
"D2, D3, D4, D5, D6, D7, D8, D9",D_SMA_Handsoldering,8,SS14,
"H3, H6",MountingHole_3.2mm_M3_Pad,2,MountingHole_Pad,
J1,IDC-Header_2x20_P2.54mm_Vertical_reversed,1,Raspberry_Pi_2_3,
J10,minidin_9_pcb_mount,1,SENSOR_17-24,
J11,minidin_9_pcb_mount,1,SENSOR_25-32,
J12,minidin_9_pcb_mount,1,12V_OUT_1-8,
J13,minidin_9_pcb_mount,1,12V_OUT_9-16,
J14,minidin_9_pcb_mount,1,12V_OUT_17-24,
J15,minidin_9_pcb_mount,1,12V_OUT_25-32,
J16,BarrelJack_Wuerth_6941xx301002,1,DCC_PRG,
J17,BarrelJack_Wuerth_6941xx301002,1,DCC_MAIN,
J18,BarrelJack_Wuerth_6941xx301002,1,DCC_PWR_IN,
J2,JST_XH_B6B-XH-A_1x06_P2.50mm_Vertical,1,LEDS,
J3,JST_XH_B2B-XH-A_1x02_P2.50mm_Vertical,1,FAN,
J5,JST_XH_B4B-XH-A_1x04_P2.50mm_Vertical,1,KEYPAD,
J6,minidin_9_pcb_mount,1,12V_OUT_33-40,
J7,minidin_9_pcb_mount,1,12V_OUT_41-48,
J8,minidin_9_pcb_mount,1,SENSOR_1-8,
J9,minidin_9_pcb_mount,1,SENSOR_9-16,
PWR_PCB_IN1,PinHeader_1x02_P2.54mm_Vertical,1,HEADER_2-w_connectors,
R1,R_Axial_DIN0207_L6.3mm_D2.5mm_P10.16mm_Horizontal,1,620 1/4W,
"R10, R16, R17, R6",0805,4,1k,
"R11, R12, R13, R14, R18, R19, R3, R4, R5, R7, R8, R9",0805,12,10k,
R15,0805,1,160 1/8W,
R2,0805,1,220 1/8W,
"R20, R21",0805,2,15,
"U1, U17, U18, U2, U3",DIP-28_W7.62mm_Socket_LongPads,5,MCP23017-E_SP,MCP23017-E/SP
U10,TSSOP-28_4.4x9.7mm_P0.65mm,1,SC16IS752IPW,
U11,SOIC-8_3.9x4.9mm_P1.27mm,1,LMV358AQDRQ1,
U12,SOIC-14_3.9x8.7mm_P1.27mm,1,74LS04,
"U13, U14, U15, U5, U6, U7",DIP-18_W7.62mm_Socket,6,ULN2803A,
U4,SO-20-1EP_7.52x12.825mm_P1.27mm_EP6.045x12.09mm_Mask3.56x4.47mm_ThermalVias,1,L298P,
U8,DIP-28_W7.62mm_Socket_LongPads,1,ATmega328-P (DCC),
U9,DIP-28_W7.62mm_Socket_LongPads,1,ATmega328-P (ACC),
Y1,Crystal_SMD_HC49-SD_HandSoldering,1,14.7456MHz,
"Y2, Y3",Crystal_SMD_HC49-SD_HandSoldering,2,16MHz,
